room_id,room_number,room_name,floor,beds,room_type
1,101,Economy Single,1,1,Economy
2,102,Economy Single,1,1,Economy
3,103,Economy Single,1,1,Economy
4,104,Economy Single,1,1,Economy
5,105,Economy Double,1,2,Economy
6,106,Economy Double,1,2,Economy
7,107,Economy Double,1,2,Economy
8,108,Economy Double,1,2,Economy
9,109,Economy Queen,1,1,Economy
10,110,Economy Queen,1,1,Economy
11,111,Economy Queen,1,1,Economy
12,112,Economy Queen,1,1,Economy
13,201,Penthouse Double,2,2,Penthouse
14,202,Penthouse Double,2,2,Penthouse
15,203,Penthouse Double,2,2,Penthouse
16,204,Penthouse Double,2,2,Penthouse
17,205,Penthouse Queen,2,1,Penthouse
18,206,Penthouse Queen,2,1,Penthouse
19,207,Penthouse Queen,2,1,Penthouse
20,208,Penthouse Queen,2,1,Penthouse